Artist,Album,Song,Time
Mallu Magalhí£es,Highly Sensitive,My Home Is My Man,5/19/17 18:44
Mallu Magalhí£es,Highly Sensitive,You Know You've Got,5/19/17 18:41
Mallu Magalhí£es,Pitanga,Youhuhu,5/19/17 18:37
Mallu Magalhí£es,Mallu Magalhí£es,Make It Easy,5/19/17 18:33
Mallu Magalhí£es,Pitanga,Porque VocíÈ Faz Assim Comigo?,5/19/17 18:29
Mallu Magalhí£es,Pitanga,íî Ana,5/19/17 18:27
Mallu Magalhí£es,Mallu Magalhí£es,íŠ VocíÈ Que Tem,5/19/17 18:24
Mallu Magalhí£es,Pitanga,Cena,5/19/17 18:22
Mallu Magalhí£es,Pitanga,Sambinha Bom,5/19/17 18:19
Mallu Magalhí£es,Pitanga,Olha Sí_ Moreno,5/19/17 18:15
Mallu Magalhí£es,Pitanga,Velha e Louca,5/19/17 18:11
Mallu Magalhí£es,Casa Pronta,Casa Pronta,5/19/17 18:09